-- Generated by SQL Maestro for MySQL. Release date 21.06.2011
-- 06.12.2022 13:58:27
-- ----------------------------------
-- Alias: CarsSalon at localhost
-- Database name: CarsSalon
-- Host: localhost
-- Port number: 3306
-- User name: root
-- Server: 8.0.30
-- Session ID: 11
-- Character set: utf8mb4
-- Collation: utf8mb4_0900_ai_ci


CREATE DATABASE CarsSalon
  CHARACTER SET utf8mb4
  COLLATE utf8mb4_0900_ai_ci;

USE CarsSalon;

/* Tables */
CREATE TABLE cars (
  id        int UNSIGNED AUTO_INCREMENT NOT NULL PRIMARY KEY,
  img       blob NOT NULL,
  price     float(10,3) UNSIGNED NOT NULL,
  about     varchar(500) NOT NULL,
  category  varchar(20) NOT NULL,
  name      varchar(35) NOT NULL,
  PRIMARY KEY (id)
) ENGINE = MyISAM;

CREATE TABLE category (
  id        int UNSIGNED AUTO_INCREMENT NOT NULL PRIMARY KEY,
  category  varchar(20) NOT NULL,
  selected  tinyint(1) NOT NULL DEFAULT '0',
  PRIMARY KEY (id)
) ENGINE = MyISAM;

CREATE TABLE comments (
  id         int UNSIGNED AUTO_INCREMENT NOT NULL PRIMARY KEY,
  carid      int UNSIGNED NOT NULL,
  userid     int UNSIGNED NOT NULL,
  `comment`  varchar(500) NOT NULL,
  raiting    int NOT NULL DEFAULT '1',
  PRIMARY KEY (id)
) ENGINE = MyISAM;

CREATE TABLE users (
  id        int UNSIGNED AUTO_INCREMENT NOT NULL PRIMARY KEY,
  login     varchar(20) NOT NULL,
  password  varchar(20) NOT NULL,
  img       blob NOT NULL,
  isadmin   tinyint(1) NOT NULL DEFAULT '0',
  PRIMARY KEY (id)
) ENGINE = MyISAM;

/* Data for table "cars" */
INSERT INTO cars (id, img, price, about, category, name) VALUES
  (1, 0x68747470733A2F2F63616368652E626D777573612E636F6D2F636F73792E61726F783F706F763D77616C6B61726F756E64266272616E643D574242492676656869636C653D3233494926636C69656E743D62796F267061696E743D503043314D266661627269633D4653424A472673613D5330314C442C53303234382C53303331392C53303332322C53303333302C53303430372C53303432302C53303439342C53303441412C5330344E422C53303541432C53303541532C533035415A2C533035444D2C53303641432C533036414B2C53303643342C5330364E582C53303655372C533039543826646174653D323032323037303526616E676C653D3430267175616C6974793D36352673686172703D31303026726573703D706E6726424B474E443D5452414E53504152454E542677696474683D32303030, 84100, 'The all-electric SAV setting standards for aerodynamics, technology, and luxury.', 'Electric', 'iX Sports Activity Vehicle'),
  (2, 0x68747470733A2F2F63616368652E626D777573612E636F6D2F636F73792E61726F783F706F763D77616C6B61726F756E64266272616E643D5742424D2676656869636C653D3233444426636C69656E743D62796F267061696E743D5030433445266661627269633D464B4853572673613D53303143422C53303235352C53303330322C53303331392C53303332322C53303341472C53303344452C53303346462C53303430332C53303433302C53303433312C53303435392C53303439332C53303441542C53303530382C53303533342C53303534342C53303541432C53303541532C53303637362C53303641432C533036414B2C53303643342C53303655322C53303657432C53303736302C533037373526646174653D323032323131303226616E676C653D3430267175616C6974793D36352673686172703D31303026726573703D706E6726424B474E443D5452414E53504152454E542677696474683D32303030, 51400, 'Cutting-edge all-electric performance in a luxurious four-door sports car.', 'Electric', 'i4 Gran Coupe'),
  (3, 0x68747470733A2F2F63616368652E626D777573612E636F6D2F636F73792E61726F783F706F763D77616C6B61726F756E64266272616E643D5742424D2676656869636C653D3233375126636C69656E743D62796F267061696E743D5030333030266661627269633D46564353572673613D53303146372C53303330322C53303331392C53303430372C53303431362C53303433442C53303436352C53303436412C53303441322C533034464C2C533034464D2C5330344E522C53303456312C53303541532C533035444D2C53303641432C533036414B2C53303643342C5330364E582C53303655332C53303655372C53303737352C5330374D3726646174653D323032323037303226616E676C653D3430267175616C6974793D36352673686172703D31303026726573703D706E6726424B474E443D5452414E53504152454E542677696474683D32303030, 119300, 'The all-electric luxury sedan with executive style.', 'Electric', 'i7 Sedan'),
  (4, 0x68747470733A2F2F63616368652E626D777573612E636F6D2F636F73792E61726F783F706F763D77616C6B61726F756E64266272616E643D5742424D2676656869636C653D3233584226636C69656E743D62796F267061696E743D5030433559266661627269633D464B4853572673613D53303145472C53303254462C53303330322C53303341542C5330334D422C53303432302C53303435392C53303441542C5330344E572C53303541342C53303541432C53303541532C533035444D2C53303641432C533036414B2C53303643342C53303643502C53303657432C53303737352C53303748572C533039543526646174653D323032323037303526616E676C653D3430267175616C6974793D36352673686172703D31303026726573703D706E6726424B474E443D5452414E53504152454E542677696474683D32303030, 38600, 'The all-new, rugged SAV that is always ready for adventure.', 'Suvs', 'X1 Sports Activity Vehicle'),
  (5, 0x68747470733A2F2F63616368652E626D777573612E636F6D2F636F73792E61726F783F706F763D77616C6B61726F756E64266272616E643D5742424D2676656869636C653D3233585126636C69656E743D62796F267061696E743D5030413930266661627269633D464B4847372673613D53303158382C53303235352C53303254422C53303330322C53303331392C53303341472C53303432302C53303432332C53303433302C53303433312C53303435392C53303438312C53303439332C5330344B312C53303455302C53303455522C53303530382C53303533342C53303535322C53303541432C53303541532C53303541562C53303637362C53303641432C533036414B2C53303643342C53303655322C53303657422C533037373526646174653D323032323038303226616E676C653D3430267175616C6974793D36352673686172703D31303026726573703D706E6726424B474E443D5452414E53504152454E542677696474683D32303030, 45400, 'The versatile four-door SAV perfect for active lifestyles.', 'Suvs', 'X3 Sports Activity Vehicle'),
  (6, 0x68747470733A2F2F63616368652E626D777573612E636F6D2F636F73792E61726F783F706F763D77616C6B61726F756E64266272616E643D5742424D2676656869636C653D3233585226636C69656E743D62796F267061696E743D5030433343266661627269633D464B4853572673613D53303158382C53303232352C53303254422C53303330322C53303331392C53303341472C53303430322C53303432302C53303432332C53303433302C53303435392C53303438312C53303439332C5330344B312C53303455302C53303455522C53303533342C53303535322C53303541432C53303541532C53303541562C53303637362C53303641432C533036414B2C53303643342C53303655332C533037373526646174653D323032323038303226616E676C653D3430267175616C6974793D36352673686172703D31303026726573703D706E6726424B474E443D5452414E53504152454E542677696474683D32303030, 53400, 'The coupe-inspired adventurer of the X family.', 'Suvs', 'X4 Sports Activity Coupe'),
  (7, 0x68747470733A2F2F63616368652E626D777573612E636F6D2F636F73792E61726F783F706F763D77616C6B61726F756E64266272616E643D5742424D2676656869636C653D3233335926636C69656E743D62796F267061696E743D5030433450266661627269633D464B4847372673613D53303143422C533031504C2C53303234382C53303254422C53303330322C53303331392C53303332322C53303332582C53303333372C53303341472C533033445A2C53303430332C53303433302C53303433312C53303435392C53303436352C53303438312C53303439332C5330344C4E2C53303455522C53303530382C53303533342C53303534342C53303541432C53303541532C53303637362C53303641432C533036414B2C53303643342C5330364E532C53303655332C53303730342C53303731302C53303731352C53303735342C53303736302C533037373526646174653D323032323037303526616E676C653D3430267175616C6974793D36352673686172703D31303026726573703D706E6726424B474E443D5452414E53504152454E542677696474683D32303030, 42300, 'The four-door sports sedan that started it all.', 'Sedans', '3 Series Sedan'),
  (8, 0x68747470733A2F2F63616368652E626D777573612E636F6D2F636F73792E61726F783F706F763D77616C6B61726F756E64266272616E643D5742424D2676656869636C653D3233344226636C69656E743D62796F267061696E743D5030433331266661627269633D464B484B432673613D53303143422C53303150552C53303254422C53303330322C53303331392C53303332322C53303333372C53303333422C53303342452C533033445A2C5330334D322C5330334D462C53303430332C53303433302C53303433312C53303435392C53303439332C5330344B4C2C53303455522C53303530382C53303533342C53303534342C53303541312C53303541432C53303541532C53303541562C53303637362C53303641432C533036414B2C53303643342C53303655322C53303657422C53303730342C53303731302C53303731352C53303735342C53303736302C53303737352C5330374D3926646174653D323032323037303526616E676C653D3430267175616C6974793D36352673686172703D31303026726573703D706E6726424B474E443D5452414E53504152454E542677696474683D32303030, 47400, 'An edgy, sleek reimagining of the two-door coupe.', 'Sedans', '4 Series Coupe'),
  (9, 0x68747470733A2F2F63616368652E626D777573612E636F6D2F636F73792E61726F783F706F763D77616C6B61726F756E64266272616E643D5742424D2676656869636C653D3233325226636C69656E743D62796F267061696E743D5030433645266661627269633D464D414E4C2673613D53303145362C5330314D422C5330324D412C53303256462C53303330322C53303331392C53303332322C5330334D462C53303430332C53303433302C53303433312C53303433412C53303435392C53303439332C53303439342C53303441542C53303447512C53303455522C53303530382C53303533342C53303534342C53303535322C53303541432C53303541532C53303544432C53303638382C53303641432C533036414B2C53303643342C53303643502C53303655322C53303657432C53303731322C53303736302C53303737352C5330374D3926646174653D323032323132303626616E676C653D3430267175616C6974793D36352673686172703D31303026726573703D706E6726424B474E443D5452414E53504152454E542677696474683D32303030, 62200, 'A high-performance version of the already sporty two-door coupe.', 'BMW M', 'M2 Coupe'),
  (10, 0x68747470733A2F2F63616368652E626D777573612E636F6D2F636F73792E61726F783F706F763D77616C6B61726F756E64266272616E643D5742424D2676656869636C653D3233544E26636C69656E743D62796F267061696E743D5030433447266661627269633D464C4B53572673613D53303154382C53303330322C53303331392C53303332322C5330334D512C53303433302C53303433312C53303435392C53303439332C53303439342C5330344C4E2C53303530382C53303533342C53303534342C53303541432C53303541532C53303638382C53303641432C533036414B2C53303643342C53303655322C53303657432C53303731322C53303736302C533037373526646174653D323032323037303526616E676C653D3430267175616C6974793D36352673686172703D31303026726573703D706E6726424B474E443D5452414E53504152454E542677696474683D32303030, 72800, 'The ultimate M-tuned version of the iconic 3 Series sports sedan.', 'BMW M', 'M3 Sedan');


/* Data for table "category" */
INSERT INTO category (id, category, selected) VALUES
  (1, 'All', 0),
  (2, 'Electric', 0),
  (3, 'Suvs', 0),
  (4, 'Sedans', 1),
  (5, 'BMW M', 0);


/* Data for table "comments" */
INSERT INTO comments (id, carid, userid, `comment`, raiting) VALUES
  (1, 1, 1, 'Interesting model', 8),
  (2, 2, 1, 'Good for everyday driving', 7),
  (3, 3, 1, 'price is so big :(', 5),
  (4, 4, 1, 'My the best choise!', 10),
  (5, 5, 1, 'Love this car', 9),
  (6, 6, 1, 'So-so', 5),
  (7, 7, 1, 'Not surprised', 4),
  (8, 8, 1, 'a little disappointed', 6),
  (9, 9, 1, 'Perfect classic!', 10),
  (10, 10, 1, 'Greate speed', 9),
  (11, 11, 2, 'aaaaaaa', 1);


/* Data for table "users" */
INSERT INTO users (id, login, password, img, isadmin) VALUES
  (1, 'kostya', 'k.1254', 0x68747470733A2F2F7673656D656D792E72752F77702D636F6E74656E742F75706C6F6164732F323032322F31302F30313537383338363535373838373938336465363864393963376335326231642D333030783330302E6A7067, 0),
  (2, 'admin', 'admin', 0x68747470733A2F2F6D656469612E6973746F636B70686F746F2E636F6D2F69642F3936373330353236322F72752F2544302542322544302542352544302542412544312538322544302542452544312538302544302542442544302542302544312538462F2544302542462544302542452544302542422544302542382544312538362544302542352544302542392544312538312544302542412544302542382544302542392D2544302542372544302542442544302542302544312538372544302542452544302542412D2544302542412544302542322544302542302544312538302544312538322544302542382544312538302544302542302D2544302542342544302542382544302542372544302542302544302542392544302542442D2544302542462544312538302544302542352544312538312544312538322544312538332544302542462544302542442544302542452544312538312544312538322544302542382D2544302542442544302542302544302542412544302542302544302542372544302542302544302542442544302542382544302542352D2544302542382544302542412544302542452544302542442544302542302E6A70673F733D3631327836313226773D30266B3D323026633D30744D6B36672D4A315357465574794F785F534F457772593437327A2D39366675414D663249754C3048733D, 1);
